,Retriever,Avg Time (s),Retrieval Time (s),LLM Time (s),Avg Docs,Avg Prompt Tokens,Avg Completion Tokens,Avg Cost ($),Quality Score,Faithfulness,Context Precision,Project,Efficiency Score,Time-Efficiency
0,Naive Retriever,6.156603495279948,0.7323471506436666,5.424256344636281,10.0,2032.1666666666667,268.4166666666667,0.0003105833333333333,0.7788692988236314,0.9808464334009467,0.5768921642463163,retriever-eval-unified-f58f8f85,2507.762700800531,407.32892782897983
1,BM25 Retriever,3.9656749765078225,0.0020642479260762534,3.9636107285817466,4.0,841.1666666666666,222.08333333333334,0.00017294999999999998,0.6631938340871057,0.923609890424906,0.40277777774930557,retriever-eval-unified-f58f8f85,3834.5986359474173,966.9472810210405
2,Contextual Compression,4.933751543362935,0.8125287095705668,4.121222833792369,3.0,873.5,230.66666666666666,0.00017961666666666668,0.7411177749542333,0.9544577721661055,0.527777777742361,retriever-eval-unified-f58f8f85,4126.108053934675,836.3023588987305
3,Multi-Query Retriever,9.469219624996185,3.6315161983172097,5.837703426678975,14.583333333333334,2694.5,340.4166666666667,0.0004056166666666666,0.7175983160266527,0.9755952380952381,0.45960139395806726,retriever-eval-unified-f58f8f85,1769.153920433873,186.8320717542324
4,Parent Document Retriever,4.390347123146057,0.44711844126383465,3.9432286818822226,2.4166666666666665,500.0,184.5,0.0001238,0.690949178797883,0.8703242835595777,0.5115740740361883,retriever-eval-unified-f58f8f85,5581.172688189685,1271.2372237642794
5,Ensemble Retriever,12.75284743309021,5.2698803544044495,7.4829670786857605,17.75,3124.4166666666665,337.1666666666667,0.0004473083333333333,0.735315133855345,0.9395034353691848,0.5311268323415052,retriever-eval-unified-f58f8f85,1643.8663871423776,128.90190961408246
6,Semantic Chunking Retriever,6.207603096961975,0.5129370093345642,5.694666087627411,10.0,1575.3333333333333,283.25,0.0002708333333333334,0.6851987243150985,0.9559447370041881,0.4144527116260089,retriever-eval-unified-f58f8f85,2529.9645205480556,407.55900160340957
